NUMERO;LAM_NUMERO;TSA_NIMI;NIMI_FI;lat;lon;
23117;117;L_vt1_Munkkiniemi;Tie 1 Munkkiniemi;60.202898816;24.8726068163;
23103;103;L_vt1_Huopalahti;Tie 1 Huopalahti;60.2054356654;24.8428279285;
23144;144;L_vt1_Friisinmäki;Tie 1 Friisinmäki;60.2071712958;24.7938222835;
23167;167;L_vt1_Sepänkylä;Tie 1 Sepänkylä;60.2032131532;24.7411953245;
23175;175;L_vt1_Lommila;Tie 1 Espoo, Lommila;60.2154559002;24.661370535;
23139;139;L_vt1_Nupuri;Tie 1 Nupuri;60.2304747574;24.5995038116;
23191;191;L_vt1_Kolmiranta;Tie 1 Espoo, Kolmiranta;60.2575485803;24.5006806581;
23192;192;L_vt1_Veikkola;Tie 1 Veikkola;60.2870416284;24.4167152044;
23104;104;L_vt1_Palojärvi;Tie 1 Palojärvi;60.2923433327;24.3439236988;
23193;193;L_vt1_Hevoskallio;Tie 1 Hevoskallio;60.302136725;24.2534241371;
23194;194;L_vt1_Lehmijärvi;Tie 1 Lohja, Lehmijärvi;60.2880070602;24.1587519163;
24607;1607;L_vt1_Karnainen;Tie 1 Karnainen;60.2887878788;24.0792165922;
24606;1606;L_vt1_Pitkämäki;Tie 1 Pitkämäki;60.3286428588;23.9351449692;
24605;1605;L_vt1_Hauklampi;Tie 1 Hauklampi;60.3668263549;23.8716857586;
23106;106;L_vt2_Huhmari;Tie 2 Huhmari;60.3091677819;24.3451646693;
23122;122;L_vt2_Karkkila;Tie 2 Karkkila;60.5729448212;24.1540782285;
23164;164;L_vt3_Kivihaka;Tie 3 Kivihaka;60.2119467628;24.9021101313;
23152;152;L_vt3_Pirkkola;Tie 3 Pirkkola;60.2264335506;24.9031705143;
23165;165;L_vt3_Hakuninmaa;Tie 3 Hakuninmaa;60.2598334291;24.8774804;
23107;107;L_vt3_Kaivoksela;Tie 3 Kaivoksela;60.2686403806;24.8738360198;
23137;137;L_vt3_Keimola;Tie 3 Keimola;60.3258223867;24.8234941455;
23108;108;L_vt3_Karhunkorpi;Tie 3 Karhunkorpi;60.4965034634;24.8520446021;
23154;154;L_vt4_Viikinmäki;Tie 4 Viikinmäki;60.2209478756;24.9885765355;
23109;109;L_vt4_Jakomäki;Tie 4 Jakomäki;60.2549208047;25.0686699933;
23110;110;L_vt4_Mäntsälä;Tie 4 Mäntsälä;60.5900341379;25.2324694418;
23998;998;L_vt4_Mäntsälä_E;Tie 4 Mäntsälä, etelä;60.5988343176;25.2467271837;
23999;999;L_vt4_Mäntsälä_P;Tie 4 Mäntsälä, pohjoinen;60.6785915519;25.3661007822;
23142;142;L_vt4_Levanto;Tie 4 Mäntsälä, Levanto;60.7366465213;25.4421466818;
23111;111;L_vt6_Liljendal;Tie 6 Liljendal;60.558197594;26.048894527;
23179;179;L_vt7_Fazerila;Tie 7 Länsimäentie;60.2542243417;25.1120301048;
23141;141;L_vt7_Box;Tie 7 Sipoo, Box;60.3017176;25.3800855984;
23112;112;L_vt7_Treksilä;Tie 7 Porvoo, Treksilä;60.3551062486;25.5308039785;
23001;1;L_vt7_Rita;Tie 7 Porvoo, Rita;60.4179449367;25.6913792501;
23184;184;L_vt7_Porvoo_Uusikrouvi;Tie 7 Porvoo_Uusikrouvi;60.425742952;25.7497190555;
23185;185;L_vt7_Porvoo_Lohijärvi;Tie 7 Porvoo_Lohijärvi;60.4396764091;25.8233439253;
23186;186;L_vt7_Loviisa_Gammelbyviken;Tie 7 Loviisa_Gammelbyviken;60.4905120716;25.9135957055;
23187;187;L_vt7_Loviisa_Kärrbacka;Tie 7 Loviisa_Kärrbacka;60.4731159226;26.1189423846;
23188;188;L_vt7_Loviisa;Tie 7 Loviisa;60.4649963472;26.2118154785;
23189;189;L_vt7_Loviisa_Itä;Tie 7 Loviisa_Itä;60.4790593142;26.2787876973;
23124;124;L_vt25_Dragsvik;Tie 25 Dragsvik;59.9981715066;23.5205269949;
23114;114;L_vt25_Virkkala;Tie 25 Virkkala;60.2030617654;24.0138286987;
23129;129;L_vt25_Selki;Tie 25 Vihti, Selki;60.4588077586;24.5281841445;
23133;133;L_vt25_Noppo;Tie 25 Hyvinkää, Noppo;60.5802074269;24.8344036963;
23130;130;L_vt25_Keravanjärvi;Tie 25 Mäntsälä, Keravanjä;60.6173519533;25.0874457102;
23153;153;L_kt45_Oulunkylä;Tie 45 Oulunkylä;60.2226390498;24.943063328;
23131;131;L_kt45_Tammisto;Tie 45 Tammisto;60.2571972924;24.9667055773;
23127;127;L_kt45_Rusutjärvi;Tie 45 Tuusula, Rusutjärvi;60.4324736526;24.9861478694;
23125;125;L_kt50_Bemböle;Tie 50 Bemböle;60.2027173727;24.6074520808;
23140;140;L_kt50_Järvenperä;Tie 50 Järvenperä;60.2390883271;24.6962157085;
23183;183;L_kt50_Järvenperä2;Tie 50 Järvenperä 2;60.2520364695;24.7141200749;
23168;168;L_kt50_Askisto;Tie 50 Askisto;60.2730417797;24.7767822739;
23159;159;L_kt50_Petikko;Tie 50 Petikko;60.2772984784;24.8146018545;
23128;128;L_kt50_Voutila;Tie 50 Voutila;60.2971446173;24.8814128749;
23169;169;L_kt50_Pakkala;Tie 50 Pakkala;60.2955696246;24.9429327843;
23150;150;L_kt50_Vantaanportti;Tie 50 Vantaanportti;60.2903109962;24.9724470468;
23160;160;L_kt50_Heidehof;Tie 50 Heidehof;60.2803984199;25.0463678033;
23182;182;L_kt50_Hakunila;Tie 50 Hakunila;60.2713192613;25.0977912569;
23101;101;L_kt51_Hanasaari;Tie 51 Hanasaari;60.1652024065;24.8476835682;
23102;102;L_kt51_Soukka;Tie 51 Soukka;60.1585895864;24.6428314328;
23143;143;L_kt51_Sundsberg;Tie 51 Sundsberg;60.141508557;24.5544204187;
23156;156;L_kt51_Jorvas;Tie 51 Jorvas;60.1247755198;24.4964274427;
23134;134;L_kt51_Inkoo;Tie 51 Inkoo;60.060816002;24.075677456;
23115;115;L_kt55_Saksala;Tie 55 Saksala;60.4163551193;25.5960872943;
23197;197;L_st100_Kivihaan_tunneli;Tie 100, Hakamäen tunneli;60.2082350808;24.908230851;
23118;118;L_st101_Keilaniemi;Tie 101 Keilaniemi;60.1727435936;24.8259881547;
23116;116;L_st101_Leppävaara;Tie 101 Leppävaara;60.2130977543;24.8154104541;
23126;126;L_st101_Konala;Tie 101 Konala;60.2285276331;24.8438564678;
23145;145;L_st101_Kannelmäki;Tie 101 Kannelmäki;60.234152009;24.8773719871;
23146;146;L_st101_Länsi-Pakila;Tie 101 Länsi-Pakila;60.2374823845;24.9038010422;
23147;147;L_st101_Pakila;Tie 101 Pakila;60.2428982019;24.9410701857;
23148;148;L_st101_Pukinmäki;Tie 101 Pukinmäki;60.2446811497;24.9758107956;
23149;149;L_st101_Malmi;Tie 101 Malmi;60.2425213434;25.01657514;
23162;162;L_st102_Olarinluoma;Tie 102 Olarinluoma;60.176192925;24.7511837719;
23163;163;L_st102_Kokinkylä;Tie 102 Kokinkylä;60.192356084;24.7461089332;
23195;195;L_st103_Satamatie;Tie 103, Satamatie;60.2409360544;25.1538198281;
23105;105;L_st110_Hiidenvesi;Tie 110 Hiidenvesi;60.37051543;24.1354923899;
23151;151;L_st120_Pitäjänmäki;Tie 120 Pitäjänmäki;60.2232278219;24.8772479072;
23123;123;L_st120_Pähkinärinne;Tie 120 Pähkinärinne;60.2515131318;24.8289896031;
23138;138;L_st120_Odilampi;Tie 120 Odilampi;60.3033022885;24.7442255227;
23136;136;L_st140_Arola;Tie 140 Arola;60.545258147;25.1916806485;
23155;155;L_st170_Kulosaari;Tie 170 Kulosaari;60.1912810825;24.9951003668;
23135;135;L_st170_Ilola;Tie 170 Ilola;60.4476992326;25.7450219044;
23158;158;L_st170_Hagaböle;Tie 170 Hagaböle;60.4861359627;25.992136884;
23121;121;L_yt11888_Liljendal2;Tie 11888 Liljendal;60.550818264;26.0242040973;
23196;196;L_Niinisaarentie;Helsinki, Niinisaarentie;60.2204994312;25.1593381034;
23199;199;L_Olari;Merituulentie, Espoo;60.1707964286;24.7709691729;
24604;1604;L_vt1_Lahnajärvi;Tie 1 Lahnajärvi;60.3761012141;23.7258030941;
24603;1603;L_vt1_Syvälampi;Tie 1 Syvälampi;60.3778731637;23.6316022152;
24602;1602;L_vt1_Kruusila;Tie 1 Salo, Kruusila;60.380353192;23.4779288851;
24601;1601;L_vt1_Lakiamäki;Tie 1 Lakiamäki;60.3720268087;23.3774408174;
23248;248;L_vt1_Muurla;Tie 1 Muurla;60.384738465;23.3047015917;
23247;247;L_vt1_Isokylä_läntinen;Tie 1 Isokylä;60.4151180259;23.1499870355;
23246;246;L_vt1_Halikko;Tie 1 Halikko;60.4172835887;23.1174817192;
23245;245;L_vt1_Hajala;Tie 1 Hajala;60.4287212513;22.9688629947;
23244;244;L_vt1_Vista;Tie 1 Vista;60.4313603854;22.7088739557;
23243;243;L_vt1_Paimionmäki;Tie 1 Paimionmäki;60.4257791907;22.6853290322;
23242;242;L_vt1_Paimionjoki;Tie 1 Paimionjoki;60.4292453543;22.6567277152;
23227;227;L_vt1_Kirismäki;Tie 1 Piikkiö, Kirismäki;60.442965996;22.5106795864;
23240;240;L_vt1_Piikkiö;Tie 1 Piikkiö;60.4390214356;22.4746820875;
23239;239;L_vt1_Kaarina;Tie 1 Kaarina;60.4255142911;22.4025956583;
23238;238;L_vt1_Kurkela_itäinen;Tie 1 Kurkela I;60.4216849497;22.3617362749;
23237;237;L_vt1_Kurkela_läntinen;Tie 1 Kurkela L;60.4238094185;22.3350548146;
23236;236;L_vt1_Huhkola;Tie 1 Huhkola;60.4258426907;22.328668186;
23235;235;L_vt1_Kupittaa;Tie 1 Kupittaa;60.4452541755;22.3065063404;
23249;249;L_vt8_Ihala;Tie 8 Ihala;60.4762563921;22.186360073;
23205;205;L_vt8_Raisio;Tie 8 Raisio;60.4949782975;22.1655998145;
23250;250;L_vt8_Masku;Tie 8 Masku;60.58316348;22.0896824081;
23206;206;L_vt8_Pyhäranta;Tie 8 Pyhäranta;60.9851685874;21.5817596858;
23208;208;L_vt9_Aura;Tie 9 Aura;60.5933594082;22.4685673205;
23253;253;L_vt10_Satiaismäki;Tie 10 Lieto, Satiaismäki;60.4761343355;22.3682179012;
23230;230;L_vt10_Lieto;Tie 10 Lieto;60.4962761113;22.4276924461;
23209;209;L_vt10_Marttila;Tie 10 Marttila;60.6164090731;22.9230421332;
23231;231;L_kt40_Vanto;Tie 40 Raisio, Vanto;60.4689934519;22.0856055769;
23251;251;L_kt40_Krookila;Tie 40 Raisio, Krookila;60.4706413155;22.1442109332;
23233;233;L_kt40_Hauninen;Tie 40 Raisio, Hauninen;60.4923662181;22.2205594787;
23234;234;L_kt40_Oriketo;Tie 40 Turku, Oriketo;60.4861998048;22.3150514564;
23229;229;L_kt40_Tuulissuo;Tie 40 Tuulisuo;60.460972464;22.4215400472;
23201;201;L_st110_Muurla1;Tie 110 Muurla;60.3673661571;23.3562169701;
23228;228;L_st110_Kevola;Tie 110 Kevola;60.4103281241;22.7898559991;
23254;254;L_st180_Kuusisto;Tie 180 Kuusisto;60.3674409252;22.3585843204;
23225;225;L_st180_Parainen;Tie 180 Parainen;60.2424766869;22.1819321226;
23255;255;L_st180_Simonby;Tie 180 Simonby;60.1937310398;22.0433468706;
23252;252;L_st185_Artukainen;Tie 185 Turku, Artukainen;60.4607960266;22.183681359;
23257;257;L_yt1851_Turku_Härkämäki;Tie 42505 Turku, Suikkilantie;60.4627406192;22.2011531384;
23221;221;L_vt2_Nakkila;Tie 2 Nakkila;61.3615431444;21.9864595649;
23232;232;L_vt2_Porin_lentokent;Tie 2 Pori, lentokenttä;61.4535382791;21.8166844735;
23223;223;L_vt8_Eurajoki;Tie 8 Eurajoki;61.1697120193;21.6264515137;
23207;207;L_vt8_Pori;Tie 8 Pori;61.5449956005;21.8084006935;
23224;224;L_vt11_Kullaa;Tie 11 Kullaa;61.4698546073;22.4037268591;
23211;211;L_vt12_Lappi_tl;Tie 12 Lappi tl;61.1072429054;21.7283844639;
23226;226;L_vt23_Kankaanpää;Tie 23 Kankaanpää;61.7904002677;22.2424718364;
23403;403;L_vt2_Humppila;Tie 2 Humppila;60.966470548;23.2869427818;
23429;429;L_vt3_Riihimäki_Herajoki;Tie 3 Riihimäki;60.7127971602;24.7340125117;
23432;432;L_vt3_Janakkala;Tie 3 Janakkala;60.8560388696;24.593886617;
23465;465;L_vt3_Hämeenlinna_E;Tie 3 Hämeenlinna, etelä;60.9896259926;24.4594819966;
23466;466;L_vt3_Hämeenlinna_P;Tie 3 Hämeenlinna, pohjoinen;61.0001973509;24.4513301186;
23437;437;L_vt3_Hlinna_Mo3;Tie 3 Hämeenlinna;61.0135032693;24.414192964;
23425;425;L_vt10_Tammela;Tie 10 Tammela;60.8285517343;23.7865502423;
23405;405;L_vt10_Hämeenlinna;Tie 10 Hämeenlinna;61.0462773254;24.6663173532;
23426;426;L_vt12_Hauho;Tie 12 Hauho;61.1583778318;24.6851061152;
23428;428;L_kt54_Loppi;Tie 54 Loppi;60.733455447;24.3953136441;
23408;408;L_kt54_Hausjärvi;Tie 54 Hausjärvi;60.7911187961;24.9744534634;
23440;440;L_vt3_Lempäälä_Lippo;Tie 3 Lempäälä;61.2528524336;23.8363219539;
23401;401;L_vt3_Lempäälä_Sääksjärvi;Tie 3 Lempäälä, Kulju;61.409714619;23.7700021186;
23449;449;L_vt3_Tre_Sarankulma;Tie 3 Sarankulma;61.4605385665;23.7471616444;
23460;460;L_vt3_Pirkkala_Huovi;Tie 3 Pirkkala, Huovi;61.4526452969;23.635343207;
23463;463;L_vt3_Pirkkala_Sankila;Tie 3 Pirkkala, Sankila;61.4593800467;23.6177533542;
23462;462;L_vt3_Nokia_Rajasalmi;Tie 3 Nokia, Rajasalmi;61.47808667;23.5881387322;
23450;450;L_vt3_Myllypuro;Tie 3 Myllypuro;61.5154677821;23.5652257125;
23203;203;L_vt3_Hämeenkyrö;Tie 3 Hämeenkyrö;61.5861178622;23.4304412083;
23204;204;L_vt3_Ikaalinen;Tie 3 Ikaalinen;61.9104509924;22.9765868945;
23445;445;L_vt9_Kylmäkoski;Tie 9 Kylmäkoski;61.1139471037;23.6500610635;
23435;435;L_vt9_Tre_Karkuvuori;Tie 9 Karkuvuori;61.4622708882;23.8093632261;
23451;451;L_vt9_Tre_Aitovuori;Tie 9 Aitovuori;61.5241407485;23.9399142157;
23404;404;L_vt9_Kangasala_Suinula;Tie 9 Suinula;61.5545140786;24.0637188077;
23448;448;L_vt9_Längelmäki;Tie 9 Längelmäki, Solttila;61.7336753222;24.7038442566;
23406;406;L_vt11_Nokia_Linnavuori;Tie 11 Nokia;61.50189936;23.3673824687;
23210;210;L_vt12_Vammala;Tie 12 Vammala;61.3135605426;22.8385080251;
23438;438;L_vt12_Tre_Paasikiventie;Tie 12 Uittotunneli;61.5089057807;23.6985857764;
23453;453;L_vt12_Tre_Mustalahti;Tie 12 Särkänniemi;61.5023575089;23.7408546739;
23454;454;L_vt12_Tre_Tampella;Tie 12 Tampella;61.5064373541;23.7597217736;
23457;457;L_vt12_Tre_Petsamo;Tie 12 Petsamo;61.5064763357;23.786797323;
23439;439;L_vt12_Tre_Teiskontie;Tie 12 Tampere, Keskussair;61.5041648933;23.8219542316;
23458;458;L_vt12_Tre_Ruotula;Tie 12 Ruotula;61.5131733254;23.8524068562;
23431;431;L_vt12_Kangasala_Suorama;Tie 12 Suorama;61.4782423885;23.9721708867;
23456;456;L_kt65_Tre_Lielahti;Tie 65 Tampere, Lielahti;61.5117390478;23.6790995652;
23455;455;L_kt65_Tre_Epilänharju;Tie 65 Tampere, Epilänharju;61.5176703528;23.6530496303;
23421;421;L_kt65_Ylöjärvi;Tie 65 Ylöjärvi;61.5435337612;23.6066172954;
23409;409;L_kt66_Ruovesi;Tie 66 Ruovesi;62.0105616348;24.030835698;
23402;402;L_st130_Jutikkala;Tie 130 Iittala;61.1496611872;24.0568131268;
23433;433;L_st130_Pispantie;Tie 130 Valkeakoski;61.285625313;23.955488327;
23422;422;L_st190_Viiala;Tie 190 Viiala;61.2383904408;23.7402087595;
23464;464;L_yt3495_Rautaharkko;Tie 3495 Rautaharkko;61.4772945373;23.7743078262;
23436;436;L_yt13782_Nokia_Rajasalmi;Tie 13782 Nokia, Rajasalmi;61.478380169;23.5869415884;
23443;443;L_Tre_Pispalan_valtatie;Tampere, Pispalan valtatie;61.5061546184;23.7011155898;
23424;424;L_vt4_Renkomäki;Tie 4 Renkomäki;60.9070872361;25.6105144899;
23461;461;L_vt4_Vierumäki;Tie 4 Vierumäki;61.0985078663;25.9056600259;
23628;628;L_vt4_Murhamäki;Tie 4 Heinola, Murhamäki;61.276963267;26.0703749844;
23442;442;L_vt4_Heinola_Lusi;Tie 4 Heinola, Lusi;61.3366076258;26.0474149692;
23623;623;L_vt4_Hartola;Tie 4 Hartola;61.4912532393;25.9802435978;
23407;407;L_vt12_Hollola;Tie 12 Hollola;61.0036918747;25.2826529889;
23446;446;L_vt12_Lahti_Kärpäsen;Tie 12 Lahti, Kärpäsenmäki;60.9813120311;25.5950407773;
23447;447;L_vt12_Lahti_Joutjärvi;Tie 12 Lahti, Joutjärvi;60.973424094;25.6983949295;
23430;430;L_vt24_Asikkala;Tie 24 Asikkala;61.1260144558;25.6346437065;
23441;441;L_st140_Hollola;Tie 140 Hollola;61.0380924612;25.7458987805;
23521;521;L_vt6_Elimäki;Tie 6 Elimäki;60.7761999502;26.4848120145;
23594;594;L_vt6_Hevossuo;Tie 6 Hevossuo;60.8392130857;26.5480576793;
23595;595;L_vt6_Puhjo;Tie 6 Kuusankoski, Puhjo;60.8718427724;26.6313859114;
23596;596;L_vt6_Käyrälampi;Tie 6 Kouvola, Käyrälampi;60.8836578928;26.7579372795;
23529;529;L_vt6_Utti;Tie 6 Utti;60.886456789;26.8193767808;
23592;592;L_vt6_Metso;Tie 6 Metso;60.9057640682;27.0022121451;
23578;578;L_vt7_Ahvenkoski_Itä;Tie 7 Ahvenkoski2;60.490018843;26.4604401662;
23575;575;L_vt7_Pyhtää2;Tie 7 Pyhtää2;60.4862362842;26.5466444745;
23579;579;L_vt7_Siltakylä2;Tie 7 Pyhtää, Siltakylä2;60.5000066436;26.7018407983;
23580;580;L_vt7_Mokra;Tie 7 Pyhtää, Mokra;60.5009513726;26.8112036906;
23583;583;L_vt7_Petäjäsuo;Tie 7 Petäjäsuo;60.4973791213;26.8553103663;
23599;599;L_vt7_Leppäsaari;Tie 7 Leppäsaari;60.5008627879;26.8827285882;
23574;574;L_vt7_Kyminlinna;Tie 7 Kyminlinna;60.5050627447;26.9025403581;
23576;576;L_vt7_Karhula_Länsi;Tie 7 Kotka, Karhula-Länsi;60.5142814621;26.9271167117;
23577;577;L_vt7_Otsola_Länsi;Tie 7 Kotka, Otsola-Länsi;60.5264326178;26.9545265315;
23572;572;L_vt7_Salminlahti;Tie 7 Salminlahti;60.5504758244;26.9960801086;
23573;573;L_vt7_Hamina_Summa;Tie 7 Hamina, Summa;60.5692030344;27.0879475796;
23302;302;L_vt7_Hamina_Lankamalmi;Tie 7 Hamina_Lnkamalmi;60.5719799133;27.129077503;
23303;303;L_vt7_Hamina_Ruissalo;Tie 7 Hamina_Ruissalo;60.5794539889;27.1428301088;
23304;304;L_vt7_Hamina_Husula;Tie 7 Hamina_Hususla;60.5922480289;27.1663815895;
23555;555;L_vt7_Tallinmäki;Tie 7 Hamina, Tallinmäki;60.5866770004;27.7185173915;
23305;305;L_vt7_Hamina_Kolsila_itä;Tie 7 Hamina_Kolsila_itä;60.5951499241;27.2561493817;
23525;525;L_vt7_Lelu;Tie 7 Hamina, Lelu;60.5664840299;27.3828084721;
23551;551;L_vt7_LAM030706;Tie 7 Virolahti, Harjula;60.5866770004;27.7185173915;
23550;550;L_vt7_Vaahterikonsuo;Tie 7 Virolahti, Vaahterikonsuo;60.5866770004;27.7185173915;
23540;540;L_vt7_Virojoki;Tie 7 Virolahti, Virojoki;60.586817547;27.7174253167;
23542;542;L_vt7_Turkkisuo;Tie 7 Virolahti, Turkkisuo;60.5937906561;27.771274589;
23541;541;L_vt7_Mestarmäki;Tie 7 Virolahti, Mestarmäki;60.5998797201;27.8134744578;
23581;581;L_vt7_Vaalimaa;Tie 7 Virolahti, Vaalimaa;60.6041386514;27.8673123173;
23598;598;L_vt7_Vaalimaa_rask;Tie 7 Virolahti, Vaalimaa, raskas;60.6060995722;27.8695384035;
23502;502;L_vt12_Iitti;Tie 12 Iitti;60.9137675419;26.177856552;
23590;590;L_vt12_Tillola;Tie 12 Iitti, Tillola;60.8800768352;26.4307518024;
23586;586;L_vt15_Kotkansaari;Tie 15 Kotka, Kotkansaari;60.4642682307;26.9227920162;
23530;530;L_vt15_Juurikorpi;Tie 15 Juurikorpi;60.624436634;26.9236521378;
23591;591;L_vt15_Kiehuva;Tie 15 Kouvola, Kiehuva;60.8176838906;26.7883280064;
23527;527;L_vt15_Valkeala;Tie 15 Valkeala;61.0766535491;27.061939992;
23503;503;L_vt26_Saaramaa;Tie 26 Kouvola, Saaramaa;60.8465137604;27.4035411932;
23584;584;L_st170_Pyhtää;Tie 170 Pyhtää;60.4888996525;26.6822165348;
23501;501;L_st170_Siltakylä;Tie 170 Pyhtää, Siltakylä;60.4959009798;26.758357778;
23587;587;L_vt6_Somerharju;Tie 6 Somerharju;60.9150602146;27.3858382346;
23522;522;L_vt6_Luumäki;Tie 6 Luumäki;60.9340527628;27.6600698383;
23556;556;L_vt6_Selkäharju;Tie 6 Selkäharju;61.0283999499;28.0608872467;
23557;557;L_vt6_Lavola;Tie 6 Lavola;61.036667722;28.12647468;
23558;558;L_vt6_Mattila;Tie 6 Mattila;61.0412935258;28.1612435595;
23559;559;L_vt6_Myllymäki;Tie 6 Myllymäki;61.042809886;28.199368198;
23560;560;L_vt6_Karhuvuori;Tie 6 Karhuvuori;61.0511847088;28.2462469037;
23561;561;L_vt6_Hartikkala;Tie 6 Hartikkala;61.061797258;28.2827554132;
23562;562;L_vt6_Mälkiä;Tie 6 Mälkiä;61.0717069643;28.3102150856;
23534;534;L_vt6_Muukko;Tie 6 Muukko;61.1014513631;28.4052953865;
23563;563;L_vt6_Joutseno;Tie 6 Joutseno;61.1204800059;28.4955565527;
23564;564;L_vt6_Vesivalo;Tie 6 Vesivalo;61.1658607551;28.6794029397;
23531;531;L_vt6_Vuoksenniska;Tie 6 Vuoksenniska;61.2368293114;28.8712658174;
23524;524;L_vt6_Rautjärvi;Tie 6 Rautjärvi;61.4025502901;29.3079019457;
23533;533;L_vt13_Karhusjärvi;Tie 13 Karhusjärvi;61.0368041761;28.3655918853;
23547;547;L_vt13_Nuijamaa_MP5;Tie 13 Nuijamaa;60.9772938294;28.4922802608;
23582;582;L_vt13_Nuijamaa;Tie 13 Nuijamaa;60.9539881509;28.5357651575;
23597;597;L_vt13_Nuijamaa_rask;Tie 13 Nuijamaa, raskaat;60.9539881509;28.5357651575;
23306;306;L_vt13_Nuijamaa_Uusi;Tie 13 Nuijamaa;60.9772938294;28.4922802608;
23528;528;L_kt62_Ruokolahti;Tie 62 Ruokolahti;61.3756082928;28.6536242273;
23535;535;L_kt62_Imatra_raja1;Tie 62 Imatra raja 1;61.1351921669;28.8191866584;
23532;532;L_kt62_Imatra_raja2;Tie 62 Imatra raja 2;61.1277663724;28.835081528;
23593;593;L_st387_Ylämaa;Tie 387 Ylämaa;60.7656989268;27.9925052765;
23630;630;L_vt5_Kuortti;Tie 5 Pertunmaa, Kuortti;61.4038429514;26.3816537781;
23602;602;L_vt5_Toivola;Tie 5 Mäntyharju;61.4715499425;26.7361778946;
23627;627;L_vt5_Nuutilanmäki;Tie 5 Juva, Nuutilanmäki;61.7961952413;27.5991507662;
23603;603;L_vt5_Joroinen;Tie 5 Joroinen;62.1381151405;27.8380678085;
23631;631;L_vt5_Kuvansi_uusi;Tie 5 Kuvansi;62.2765321989;27.8654005874;
23622;622;L_vt13_Kangasniemi;Tie 13 Kangasniemi;62.0952694175;26.4999931882;
23604;604;L_vt13_Ristiina;Tie 13 Ristiina;61.5563756972;27.2546240112;
23526;526;L_vt13_Suomenniemi;Tie 13 Suomenniemi;61.3188513996;27.3847774842;
23605;605;L_vt14_Juva1;Tie 14 Juva;61.8983560675;27.8214924477;
23632;632;L_vt14_Hevonpäänniemi;Tie 14 Savonlinna, Hevonpäänniemi;61.8536699725;28.8486503497;
23606;606;L_vt14_Savonlinna;Tie 14 Savonlinna;61.8729352631;28.9497751585;
23629;629;L_vt23_Siikamäki;Tie 23 Pieksämäki, Siikamä;62.2902075121;27.3988576182;
23607;607;L_kt72_Virtasalmi;Tie 72 Virtasalmi;62.1248826793;27.2476099819;
23801;801;L_vt5_Leppävirta;Tie 5 Leppävirta;62.5195382117;27.6823676589;
23825;825;L_vt5_Hiltulanlahti;Tie 5 Hiltulanlahti;62.8099142384;27.5975353416;
23832;832;L_vt5_Levänen;Tie 5 Levänen;62.869821494;27.6197251107;
23828;828;L_vt5_Rahusenlampi;Tie 5 Rahusenlampi;62.9188035446;27.677974186;
23834;834;L_vt5_Tikkalansaari;;62.9529963123;27.6808351644;
23835;835;L_vt5_Sorsasalo_Vuorela;;62.9640107798;27.6971424711;
23836;836;L_vt5_Vuorela;;62.9820157116;27.706253156;
23803;803;L_vt5_Siilinjärvi;Tie 5 Siilinjärvi;63.1039779085;27.647689969;
23826;826;L_vt5_Iisalmi;Tie 5 Iisalmi;63.5639368393;27.2490694938;
23821;821;L_vt9_Suonenjoki;Tie 9 Suonenjoki;62.6769097451;27.4160411877;
23827;827;L_vt9_Jännevirta;Tie 17 Jännevirta;62.9497608404;27.8827041295;
23804;804;L_vt9_Tuusniemi;Tie 9 Tuusniemi;62.8701194071;28.3324676233;
23807;807;L_vt27_Kiuruvesi;Tie 27 Kiuruvesi;63.67350951;26.4368411016;
23833;833;L_kt75_Pajukoski;Tie 75 Pajukoski;63.1348283619;27.8254827373;
23824;824;L_kt75_Nilsiä;Tie 75 Nilsiä;63.1553878958;28.0659288055;
23805;805;L_kt75_Rautavaara;Tie 75 Rautavaara;63.3690966853;28.5711213602;
23806;806;L_kt77_Pielavesi;Tie 77 Pielavesi;63.1945080591;26.7143999776;
23822;822;L_kt88_Vieremä;Tie 88 Vieremä;63.7508821669;26.9749529682;
23732;732;L_vt6_Kousa;Tie 6 Kesälahti, Kousa;61.9739994069;29.8738223097;
23731;731;L_vt6_Reijola;Tie 6 Reijola;62.5308410829;29.8625453894;
23733;733;L_vt6_Joensuu2;Tie 6 Joensuu;62.6141759963;29.7811507866;
23727;727;L_vt6_Kontiolahti2;Tie 6 Kontiolahti;62.65996161;29.7867736777;
23725;725;L_vt6_Juuka2;Tie 6 Juuka 2;63.2868295707;29.2214488233;
23701;701;L_vt9_Viinijärvi;Tie 9 Viinijärvi;62.6838756161;29.1047475329;
23726;726;L_vt9_Ylämylly;Tie 9 Liperi, Ylämylly;62.6254561885;29.5828626441;
23730;730;L_vt9_Noljakka;Tie 9 Noljakka;62.6246283766;29.7121444857;
23729;729;L_vt9_Kaurila;Tie 70 Tohmajärvi, Kaurila;62.1763990239;30.5342617415;
23724;724;L_vt9_Niirala;Tie 9 Niirala;62.1662545019;30.631761894;
23723;723;L_vt23_Liperi;Tie 23 Liperi;62.6064488778;29.256282622;
23704;704;L_kt71_Kesälahti;Tie 71 Kesälahti;62.051730781;29.6085569276;
23705;705;L_kt73_Lieksa;Tie 73 Lieksa;63.3045800568;30.0479543327;
23928;928;L_vt4_Joutsa;Tie 4 Joutsa;61.7988310141;26.095200941;
23935;935;L_vt4_Toivakka2;Tie 4 Toivakka;62.1062837007;25.9790045766;
23929;929;L_vt4_Hupeli;Tie 4 Hupeli;62.234163989;25.8924637484;
23923;923;L_vt4_Jyväskylä;Tie 4 Jyväskylä;62.2430480381;25.7857928325;
23933;933;L_vt4_Palokka;Tie 4 Palokka;62.278362815;25.7283504128;
23901;901;L_vt4_Tikkakoski;Tie 4 Tikkakoski;62.3695273028;25.7048529326;
23902;902;L_vt4_Äänekoski;Tie 4 Äänekoski;62.6571645312;25.7271679136;
23932;932;L_vt4_Hännilänsalmi;Tie 4 Hännilänsalmi;63.042481798;25.8170272268;
23925;925;L_vt4_Viitasaari;Tie 4 Viitasaari;63.2239242383;25.6693393126;
23930;930;L_vt9_Jämsä;Tie 9 Jämsä;61.848212222;25.1595077026;
23927;927;L_vt9_Korpilahti;Tie 9 Korpilahti;61.9768225134;25.3991456669;
23922;922;L_vt9_Muurame;Tie 9 Muurame;62.0832621908;25.6126168556;
23903;903;L_vt9_Lievestuore;Tie 9 Laukaa, Lievestuore;62.2486065236;26.1581541314;
23904;904;L_vt13_Saarijärvi;Tie 13 Saarijärvi;62.7952372898;25.0642085377;
23931;931;L_vt18_Petäjävesi;Tie 18 Petäjävesi;62.2715942736;25.3946739047;
23905;905;L_vt23_Keuruu1;Tie 23 Keuruu;62.2451798902;24.5629787954;
23921;921;L_vt24_Kuhmoinen;Tie 24 Kuhmoinen;61.4871548745;25.1444116729;
23934;934;L_st637_Tiituspohja;Tie 637 Tiituspohja;62.3009741536;25.8217392212;
24021;1021;L_vt3_Koskue;Tie 3 Koskue;62.3923708394;22.7927415233;
24047;1047;L_vt3_Kurikka_Tuiskula;Tie 3 Kurikka;62.6140398028;22.4338923492;
24058;1058;L_vt16_Ylistaro;Tie 16 Ylistaro;62.9601468751;22.5474104544;
24027;1027;L_vt16_Alajärvi;Tie 16 Alajärvi;63.0177723865;23.6784162289;
24032;1032;L_vt18_Nurmo_Munakka;Tie 18 Nurmo, Munakka;62.8507162226;22.7816950936;
24061;1061;L_vt18_Seinäjöki_Pajuneva;Tie 18 Seinäjoki, Pajuneva;62.8105687623;22.8517728769;
24037;1037;L_vt18_Nurmo_Uittoo;Tie 18 Nurmo;62.7727582585;23.0095746729;
24056;1056;L_vt18_Alavus_Kuivaskylä;Tie 18 Alavus;62.5661632529;23.4687082211;
24033;1033;L_vt18_Alavus_Tuuri;Tie 18 Alavus;62.5938943732;23.6902770177;
24062;1062;L_vt18_Töysä_Jokikylä;Tie 18 Töysä, Jokikylä;62.6134493495;23.7634590435;
24005;1005;L_vt19_Luopajärvi;Tie 19 Luopajärvi;62.5860549206;22.7501840005;
24034;1034;L_vt19_Seinäjoki;Tie 19 Seinäjoki;62.7977738377;22.8437574846;
24059;1059;L_vt19_Nurmo;Tie 19 Nurmo;62.8268791578;22.925677209;
24007;1007;L_vt19_Lapua;Tie 19 Lapua;62.9394586724;23.0390840335;
24049;1049;L_vt19_Lapua_Voitilanjärvi;Tie 19 Lapua;62.9932946602;23.0570028579;
24031;1031;L_vt19_Alahärmä_Voltti;Tie 19 Alahärmä, Voltti;63.2891969454;22.7994808012;
24054;1054;L_kt44_Kauhajoki;Tie 44 Kauhajoki;62.4078166802;22.2084972841;
24035;1035;L_kt63_Kauhava;Tie 63 Kauhava;63.1241420255;23.0674747541;
24024;1024;L_kt66_Alavus_Sampsalampi;Tie 66 Alavus;62.4360499358;23.623819213;
24060;1060;L_kt66_Alavus_Pohjoinen;Tie 66 Alavus, pohjoinen;62.6350975692;23.5759847339;
24044;1044;L_kt66_Kuortane;Tie 66 Kuortane;62.8051499428;23.5168624294;
24046;1046;L_kt67_Teuva;Tie 67 Teuva;62.4733758598;21.6977735616;
24042;1042;L_kt67_Kauhajoki_P;Tie 67 Kauhajoki, pohjoine;62.4834813292;22.2716114895;
24006;1006;L_kt67_Ilmajoki;Tie 67 Ilmajoki;62.7416823442;22.6337152319;
24039;1039;L_kt68_Ähtäri;Tie 68 Ähtäri;62.537619485;24.0424319798;
24055;1055;L_kt68_Lehtimäki;Tie 68 Lehtimäki;62.7819998975;23.9383391259;
24028;1028;L_kt68_Evijärvi;Tie 68 Evijärvi;63.3324551515;23.5155083466;
24043;1043;L_yt17367_Kurikka_Panttil;Tie 17367 Kurikka, Panttil;62.6673661279;22.3753459273;
24001;1001;L_vt3_Huissi;Tie 3 Huissi;62.7904838888;22.2791414841;
24051;1051;L_vt3_Laihia_Perälä;Tie 3 Laihia, Perälä;62.9295490916;22.0489119292;
24002;1002;L_vt3_Hälsingby;Tie 3 Hälsingby;63.020135173;21.8072294235;
24030;1030;L_vt3_Vaasa_Mt;Tie 3 Vaasa;63.0618676869;21.702891604;
24050;1050;L_vt8_Kristiinankaupunki;Tie 8 Kristiinankaupunki;62.0417106058;21.5343534214;
24022;1022;L_vt8_Närpiö;Tie 8 Närpiö;62.4423519563;21.4235413547;
24045;1045;L_vt8_Mustasaari_Riimal;Tie 8 Mustasaari, Riimala;62.9521379559;21.7625741663;
24057;1057;L_vt8_Vaasa_Yhdystie;Tie 8 Vaasa, Yhdystie;63.0870070554;21.671030288;
24067;1067;L_vt8_Vaasa_Böle;Tie 8 Vaasa, Böle;63.1074830486;21.6539991878;
24066;1066;L_vt8_Mustasaari_Lintuvuori;Tie 8 Mustassaari, Lintuvuori;63.130045485;21.7197608152;
24003;1003;L_vt8_Koivulahti;Tie 8 Mustasaari, Koivulah;63.1429228228;21.7824109193;
24063;1063;L_vt8_Kaitsor_Vöyri-Maksamaa;Tie 8 Kaitsor, Vöyri-Maksamaa;63.2563241381;22.2820914829;
24026;1026;L_vt8_Kovjoki;Tie 8 Kovjoki;63.5493862625;22.7020697053;
24053;1053;L_vt18_Laihia_Vedenoja;Tie 18 Laihia, Vedenoja;62.9655183485;22.0822604279;
24004;1004;L_vt16_Isokyrö;Tie 16 Isokyrö;62.9803007138;22.3439321317;
24036;1036;L_kt68_Pietarsaari;Tie 68 Pietarsaari;63.6413441852;22.8125207354;
24029;1029;L_st724_Raippaluoto;Tie 724 Raippaluoto;63.2041939584;21.4868605787;
24023;1023;L_vt8_Kokkola;Tie 8 Kokkola;63.8591946406;23.2402742666;
24048;1048;L_vt13_Kokkola_Ribacken;Tie 13 Kokkola;63.7755953011;23.206248648;
24041;1041;L_vt13_Kaustinen_Viiperi;Tie 13 Kaustinen;63.6021633286;23.4668837652;
24122;1122;L_vt13_Veteli;Tie 13 Veteli;63.4280395647;23.9175295699;
24064;1064;L_vt13_Perho_Möttönen;Tie 13 Perho, Möttönen;63.1673000165;24.5223802235;
24065;1065;L_vt18_Ähtäri_Inha;Tie 18 Ähtäri, Inha;62.5554632195;24.1222237061;
24040;1040;L_vt28_Kannus;Tie 28 Kannus;63.8994392526;23.8606247711;
24038;1038;L_kt63_Kaustinen;Tie 63 Kaustinen;63.5593341411;23.7514299137;
24101;1101;L_vt4_Pyhäjärvi;Tie 4 Pyhäjärvi;63.6219593542;25.7884932295;
24121;1121;L_vt4_Kärsämäki;Tie 4 Kärsämäki;63.946915271;25.8033121623;
24221;1221;L_vt4_Rantsila;Tie 4 Rantsila;64.3848740722;25.8533108736;
24236;1236;L_vt4_Ala-Temmes;Tie 4 Alatemmes;64.7743145029;25.54639975;
24243;1243;L_vt4_Luhasto;Tie 4 Luhasto;64.8428099511;25.5037997191;
24226;1226;L_vt4_Kempele;Tie 4 Kempele;64.9137531469;25.5387281535;
24201;1201;L_vt4_Oulu_Mäntylä;Tie 4 Oulu, Mäntylä;64.9793587638;25.5169209377;
24251;1251;L_vt4_Oulu_Lintula;Tie 4 Oulu, Lintula;64.9682862969;25.5045686438;
24250;1250;L_vt4_Välkkylä;Tie 4 Välkkylä;65.010842918;25.50978468;
24237;1237;L_vt4_Oulu;Tie 4 Oulu, Intiö;65.0211328135;25.5102721385;
24244;1244;L_vt4_Laanila;Tie 4 Oulu, Laanila;65.0317029978;25.4984063324;
24238;1238;L_vt4_Isko;Tie 4 Linnanmaa;65.0463556873;25.4662630534;
24246;1246;L_vt4_Kuivasjärvi;Tie 4 Oulu, Kuivasjärvi;65.0743321946;25.438682607;
24231;1231;L_vt4_Kalimenoja;Tie 4 Kello;65.1229832167;25.4299454966;
24202;1202;L_vt4_Ii;Tie 4 Ii;65.3018357857;25.3728164455;
24229;1229;L_vt4_Kuivaniemi;Tie 4 Ii, Kuivaniemi;65.5457726921;25.2382494176;
24234;1234;L_vt5_Toranki;Tie 5 Kuusamo, Toranki;65.947487074;29.1646198042;
24203;1203;L_vt5_Kuusamo;Tie 5 Kuusamo;66.0604878333;29.1451031539;
24052;1052;L_vt8_Himanka;Tie 8 Himanka;64.0494603948;23.6416258291;
24124;1124;L_vt8_Rahvo;Tie 8 Kalajoki, Rahvo;64.2804909806;23.9522197148;
24204;1204;L_vt8_Raahe;Tie 8 Raahe;64.6863283194;24.5616236971;
24235;1235;L_vt8_Lapinkangas;Tie 8 Liminka;64.7814026548;25.3488398466;
24254;1254;L_vt20_Rusko2;Tie 20 Oulu, Rusko;65.054766334;25.6077342734;
24223;1223;L_vt20_Kiiminki;Tie 20 Kiiminki;65.0652623851;25.6375267761;
24230;1230;L_vt20_Rankkila;Tie 20 Pudasjärvi, Rankkil;65.2689329141;26.7306880502;
24232;1232;L_vt20_Kettumäki;Tie 20 Kettumäki;65.4165562388;27.4224831723;
24224;1224;L_vt20_Pintamo;Tie 20 Pudasjärvi, Pintamo;65.4432505069;27.6001085261;
24241;1241;L_vt22_Maikkula;Tie 22 Maikkula;64.9891550183;25.5438555068;
24227;1227;L_vt22_Muhos;Tie 22 Muhos;64.8545275068;25.8871160772;
24104;1104;L_vt27_Alavieska;Tie 27 Alavieska;64.1248253862;24.3519363943;
24105;1105;L_vt27_Haapajärvi;Tie 27 Haapajärvi;63.7443334392;25.6057313333;
24103;1103;L_vt28_Sievi;Tie 28 Sievi;63.873002837;24.7353637745;
24225;1225;L_kt78_Pudasjärvi;Tie 78 Pudasjärvi;65.6686017135;26.6873056347;
24123;1123;L_kt86_Oulainen;Tie 86 Oulainen;64.2428546325;24.8300739728;
24205;1205;L_kt86_Liminka;Tie 86 Liminka;64.7102361017;25.3805412883;
24233;1233;L_kt88_Alpua;Tie 88 Vihanti, Alpua;64.4538831262;25.1498780978;
24239;1239;L_st815_Lentokentäntie;Tie 815 Oulunsalo;64.9504918956;25.4914613326;
24248;1248;L_st815_Oulunsalo;Tie 815 Oulunsalo;64.9359406192;25.4133522117;
24249;1249;L_st815_Lunki;Tie 815 Lunki;64.933739941;25.398078795;
24253;1253;L_st816_Hailuoto;Tie 816 Hailuoto;65.0411800357;25.0544934618;
24222;1222;L_st847_Tupos;Tie 4 Liminka, Tupos;64.8306870797;25.4907093281;
24247;1247;L_st847_Oulunlahti;Tie 847 Oulunlahti;64.9722461127;25.4958296892;
24228;1228;L_st847_Haukipudas;Tie 847 Haukipudas;65.1187962194;25.3731141222;
24252;1252;L_st866_Kuusamo_T;Tie 866 Kuusamo;65.772940334;30.0828781862;
24321;1321;L_vt5_Hatulanmäki;Tie 5 Hatulanmäki;63.9929255524;27.4089176204;
24322;1322;L_vt5_Nuottijärvi;Tie 5 Nuottijärvi;64.1593736602;27.5247880728;
24301;1301;L_vt5_Rytivaara;Tie 5 Rytivaara;64.3177940837;28.0413359655;
24302;1302;L_vt5_Ristijärvi;Tie 5 Ristijärvi;64.4866508349;28.1767966486;
24328;1328;L_vt5_Tapiola;Tie 5 Tapiola;65.3654914444;29.047762298;
24323;1323;L_vt6_Korholanmäki;Tie 6 Sotkamo, Korholanmäk;64.1381854071;27.9949052267;
24324;1324;L_vt22_Törmäkylä;Tie 22 Törmäkylä;64.6053068194;26.650750171;
24329;1329;L_vt22_Mieslahti;Tie 22 Paltamo, Mieslahti;64.3914978721;27.9534005815;
24326;1326;L_vt28_Vuottolahti;Tie 28 Vuottolahti;64.1150897871;27.2655264392;
24303;1303;L_kt75_Kankivaara;Tie 75 Kankivaara;63.9937963564;29.6304966968;
24327;1327;L_kt78_Aska;Tie 78 Arska;65.0485679331;27.7002084441;
24325;1325;L_kt89_Vartius;Tie 89 Vartius;64.4934276949;29.9014952054;
24452;1452;L_vt4_Marostenmäki;Tie 4 Kemi, Marostenmäki;65.6922448715;24.6857277158;
24453;1453;L_vt4_Siikalahti;Tie 4 Kemi, Siikalahti;65.7112258466;24.6263935371;
24454;1454;L_vt4_Peurasaari;Tie 4 Kemi, Peurasaari;65.7275972776;24.5935448324;
24455;1455;L_vt4_Karjalahti;Tie 4 Kemi, Karjalahti;65.7393933968;24.5872958632;
24456;1456;L_vt4_Kivikko;Tie 4 Kemi, Kivikko;65.7525713899;24.5736624941;
24457;1457;L_vt4_Ristikangas;Tie 4 Kemi, Ristikangas;65.7630817663;24.5718443445;
24437;1437;L_vt4_mp3_Jokisuu;Tie 4 Jokisuu;65.7910951759;24.5245299547;
24438;1438;L_vt4_mp2_Jokisuu;Tie 4 Jokisuu;65.7947718664;24.5215085011;
24401;1401;L_vt4_Tervola;Tie 4 Tervola;66.0808535994;24.7607211027;
24451;1451;L_vt4_Ala-Korkalo;Tie 4 Rovaniemi, Ala-Korkalo;66.4526977808;25.5551866436;
24450;1450;L_vt4_Revontuli;Tie 4 Rovaniemi;66.504078014;25.7257241693;
24424;1424;L_vt4_Olkkajärvi;Tie 4 Rovaniemi, Olkkajärv;66.5999204751;26.0722428206;
24448;1448;L_vt4_Torvinen;Tie 4 Torvinen;67.1584375669;26.6384438334;
24449;1449;L_vt4_Yläpostojoki;Tie 4 Yläpostojoki;67.7069135084;26.7542102871;
24402;1402;L_vt4_Ivalo;Tie 4 Ivalo;68.5168668855;27.5025914665;
24444;1444;L_vt4_Utsjoki;Tie 4 Utsjoki;69.9068898541;27.0259249051;
24426;1426;L_vt5_Suomu;Tie 5 Suomu;66.5507963195;28.1092549252;
24403;1403;L_vt5_Kemijärvi;Tie 5 Kemijärvi;66.8619887243;27.4487884484;
24458;1458;L_v21_Tornio;Tie 21 Tornio;65.8716728522;24.166580127;
24459;1459;L_v21_Ylitornio;Tie 21 Ylitornio;66.3651696309;23.6956265428;
24421;1421;L_vt21_Kolari;Tie 21 Kolari;67.2279968229;23.8925109516;
24447;1447;L_vt21_Kilpisjärvi_T;Tie 21 Enontekiö, Kilpisjä;69.0422399335;20.7695196961;
24439;1439;L_vt29_Luukkaankangas;Tie 29 Kemi, Luukkaankanga;65.8272331049;24.3949135125;
24440;1440;L_vt29_mp1c_Tornio;Tie 29 Tornio 1;65.8409822216;24.2076336243;
24441;1441;L_vt29_mp1a_Tornio;Tie 29 Tornio 2;65.8411296707;24.2043962293;
24431;1431;L_vt29_Tornio;Tie 9211 Tornio;65.8410218674;24.1435734169;
24425;1425;L_kt78_Saukkokangas;Tie 78 Ranua, Saukkokangas;66.1578013159;26.2476456409;
24422;1422;L_kt79_Jääskö;Tie 79 Jääskö;66.9913889592;25.2476608117;
24423;1423;L_kt81_Peräposio;Tie 81 Posio, Peräposio;66.1869174156;27.7500455274;
24405;1405;L_kt82_Misi;Tie 82 Rovaniemi, Misi;66.6749237392;26.6328058579;
24430;1430;L_kt82_Salla_Kelloselkä;Tie 82 Salla, Kelloselkä;66.9439317595;29.0335969137;
24427;1427;L_kt83_Raanujärvi;Tie 83 Ylitornio, Raanujär;66.6440108578;24.8504262386;
24429;1429;L_kt91_Rajajooseppi;Tie 91 Inari, Rajajooseppi;68.4761834457;28.4727563145;
24445;1445;L_kt92_Karigasniemi;Tie 92 Karigasniemi;69.3992154425;25.8307914212;
24446;1446;L_kt93_Kivilompolo;Tie 93 Enontekiö, Kivilomp;68.6604589627;23.3214488352;
24432;1432;L_kt98_Aavasaksa;Tie 98 Aavasaksa;66.3814802001;23.6808681534;
24404;1404;L_st921_Kaakamo;Tie 921 Tornio;65.807096015;24.4536046871;
24433;1433;L_st937_Pello;Tie 937 Pello;66.8025282849;23.9900475197;
24434;1434;L_st943_Kolari;Tie 943 Kolari;67.3138250942;23.7487992733;
24435;1435;L_st954_Muonio;Tie 954 Muonio;67.9406615928;23.6599667395;
24436;1436;L_st959_Karesuvanto;Tie 959 Enontekiö, Karesuv;68.4468325238;22.4850266981;
24443;1443;L_st970_Nuorgam;Tie 970 Utsjoki, Nuorgam;70.0862232059;27.9682960743;
24442;1442;L_st971_Näätämö;Tie 971 Inari, Näätämö;69.6713340042;29.1201840151;
24499;1499;L_vt29_mp1b_Tornio;Tie 971 Tornio 3;69.6696607612;29.1257453135;
